{"cameraMode":{"drawMode":0,"name":"Shaded","section":"Shading Mode"},"sceneLighting":true,"audioPlay":false,"sceneViewState":{"m_AlwaysRefresh":true,"showFog":true,"showSkybox":true,"showFlares":true,"showImageEffects":true,"showParticleSystems":true,"showVisualEffectGraphs":true,"m_FxEnabled":true},"in2DMode":false,"pivot":{"x":0.9583405256271362,"y":-3.6887712478637697,"z":12.724977493286133},"rotation":{"x":0.2601489722728729,"y":0.01021209079772234,"z":-0.002816404215991497,"w":0.9653355479240418},"size":14.770852088928223,"orthographic":false}